{
  "id": "",
  "name": "",
  "font_family": "iconfont",
  "css_prefix_text": "icon-",
  "description": "",
  "glyphs": [
    {
      "icon_id": "1203",
      "name": "向左",
      "font_class": "xiangzuo",
      "unicode": "f0112",
      "unicode_decimal": 983314
    },
    {
      "icon_id": "1205",
      "name": "向右",
      "font_class": "xiangyou",
      "unicode": "f0114",
      "unicode_decimal": 983316
    },
    {
      "icon_id": "57004",
      "name": "天猫-正品保障",
      "font_class": "tianmaozhengpinbaozhang",
      "unicode": "f007f",
      "unicode_decimal": 983167
    },
    {
      "icon_id": "424596",
      "name": "正品保障险",
      "font_class": "zhengpinbaozhangxian",
      "unicode": "f02ac",
      "unicode_decimal": 983724
    },
    {
      "icon_id": "577402",
      "name": "向右1",
      "font_class": "xiangyou1",
      "unicode": "e775",
      "unicode_decimal": 59253
    },
    {
      "icon_id": "672036",
      "name": "下拉",
      "font_class": "xiala",
      "unicode": "e6b9",
      "unicode_decimal": 59065
    },
    {
      "icon_id": "867112",
      "name": "国内机票",
      "font_class": "guoneijipiao",
      "unicode": "e686",
      "unicode_decimal": 59014
    },
    {
      "icon_id": "973141",
      "name": "gouwuche",
      "font_class": "gouwuche",
      "unicode": "e607",
      "unicode_decimal": 58887
    },
    {
      "icon_id": "1284132",
      "name": "话费",
      "font_class": "huafei",
      "unicode": "e638",
      "unicode_decimal": 58936
    },
    {
      "icon_id": "2076293",
      "name": " 酒店",
      "font_class": "jiudian",
      "unicode": "e89b",
      "unicode_decimal": 59547
    }
  ]
}
