{
  "id": "",
  "name": "",
  "font_family": "iconfont",
  "css_prefix_text": "icon-",
  "description": "",
  "glyphs": [
    {
      "icon_id": "1203",
      "name": "向左",
      "font_class": "xiangzuo",
      "unicode": "f0112",
      "unicode_decimal": 983314
    },
    {
      "icon_id": "1205",
      "name": "向右",
      "font_class": "xiangyou",
      "unicode": "f0114",
      "unicode_decimal": 983316
    },
    {
      "icon_id": "577402",
      "name": "向右1",
      "font_class": "xiangyou1",
      "unicode": "e775",
      "unicode_decimal": 59253
    },
    {
      "icon_id": "672036",
      "name": "下拉",
      "font_class": "xiala",
      "unicode": "e6b9",
      "unicode_decimal": 59065
    },
    {
      "icon_id": "973141",
      "name": "gouwuche",
      "font_class": "gouwuche",
      "unicode": "e607",
      "unicode_decimal": 58887
    }
  ]
}
